sequence,iptm,ptm,ranking_score,iptm+ptm,origin
AVHHSYSPRAGQR,0.96,0.88,0.98,1.84,mutational
AVDHSSSPRHGQR,0.95,0.88,0.97,1.83,random
PVRGSHSSHLPVR,0.95,0.87,0.96,1.82,random
RVGRSKSLRGPQK,0.94,0.87,0.96,1.81,random
GVDHSYSQRAGQR,0.94,0.88,0.96,1.82,random
AVDHSYSTRNGQR,0.94,0.88,0.96,1.82,random
AVDHSVSARAGQR,0.94,0.88,0.96,1.82,random
RVHRSSSKRGPQK,0.93,0.88,0.95,1.81,random
AVDRSYSPRGGQR,0.93,0.87,0.95,1.8,random
TVRSSRSQIHPQK,0.92,0.88,0.95,1.8,random
YVQRSHSSHTGSR,0.91,0.87,0.94,1.78,random
FTGPSYSGHGGAR,0.91,0.88,0.94,1.79,random
HVRSSRSQIGIQK,0.91,0.87,0.94,1.78,random
FVGPSGSGHGGGR,0.91,0.87,0.93,1.78,mutational
HVDHSYSPRAAQR,0.91,0.88,0.93,1.79,random
RVKRSYSKRGYQK,0.9,0.88,0.93,1.78,random
TVRPSRSGIGRQK,0.9,0.88,0.93,1.78,random
WVDASYSPRAGQR,0.9,0.87,0.93,1.77,random
AVQGSHSSHTGGR,0.9,0.87,0.93,1.77,mutational
RAGPSKSGQGGQR,0.9,0.87,0.93,1.77,mutational
RAGPSKSQTGGGR,0.89,0.88,0.92,1.77,random
GVGASNSQHSSGA,0.89,0.87,0.92,1.76,random
DVRRSHSSHLPGR,0.89,0.87,0.92,1.76,random
DVGPSTSGRGRGR,0.88,0.87,0.91,1.75,mutational
TVRSSRSRISRQK,0.88,0.88,0.91,1.76,random
RVKGSKSKRGGQK,0.88,0.87,0.91,1.75,random
YVRGSYSSHLPGR,0.87,0.87,0.9,1.74,mutational
YAQMSYSLHPGGR,0.87,0.87,0.9,1.74,random
MVRGSTSGSAPQG,0.87,0.87,0.9,1.74,random
GVGASNSGHAPGA,0.87,0.87,0.9,1.74,mutational
PVRPSQSSQAGGR,0.86,0.87,0.89,1.73,mutational
RFRRSKSKRGPQK,0.86,0.87,0.9,1.73,random
GVRASNSDHSPGA,0.86,0.88,0.89,1.74,random
AVDVSYSRRAGQR,0.85,0.88,0.89,1.73,random
FTGPSGSIHLGGR,0.85,0.87,0.88,1.72,random
TVRSSRSQIARWK,0.85,0.87,0.89,1.72,random
RGGPSFSGQGGGR,0.85,0.87,0.89,1.72,random
AQDHSYSHRAGQR,0.84,0.87,0.88,1.71,random
YVQLSHSSHHGGR,0.84,0.87,0.88,1.71,random
TVGSSRSQITRQK,0.84,0.88,0.88,1.72,random
RVKRSKSKIGPQK,0.84,0.88,0.88,1.72,mutational
AVDHSYSPRALQK,0.84,0.87,0.88,1.71,random
RVKLSKSKRAPQK,0.83,0.87,0.87,1.7,random
DVGASSSSQAGGR,0.83,0.88,0.87,1.71,random
YVQGSNSTHTGGR,0.83,0.87,0.87,1.7,random
TAGPSKSGFGGGR,0.82,0.88,0.86,1.7,random
YVQGSHSSGTGQR,0.82,0.87,0.86,1.69,random
YVRPSHSSHLYGR,0.82,0.87,0.86,1.69,random
DVGASYSGQGGGR,0.81,0.88,0.86,1.69,mutational
DAGPSFSGIGGGR,0.81,0.88,0.86,1.69,mutational
YVRLSHSWHLPGR,0.81,0.87,0.85,1.6800000000000002,random
YVQDSHSDHTGGR,0.8,0.87,0.84,1.67,random
RVRMSRSQIGRQK,0.79,0.87,0.84,1.66,random
YVDHSYSPWAGQR,0.78,0.87,0.83,1.65,random
YVQGSASSHTSGR,0.78,0.87,0.83,1.65,random
YVQGSDSSHTGFR,0.78,0.87,0.83,1.65,random
YVQGSTSSHPGGR,0.78,0.87,0.83,1.65,random
PVRSSQSSIAQGR,0.78,0.87,0.83,1.65,random
AAQGSLSLHPGGR,0.78,0.87,0.83,1.65,random
PVRSSQSSTTGGR,0.77,0.87,0.82,1.64,random
GVGASNSGASPGY,0.77,0.87,0.82,1.64,random
FTGPSGSGIGGWR,0.73,0.87,0.79,1.6,random
AVDMSYSPRAGGR,0.73,0.88,0.79,1.61,random
EVCRSKSKRGPQK,0.71,0.88,0.78,1.59,random
AVGFSNSGHSPGA,0.69,0.87,0.76,1.56,random
YVQGSYSSMTGGR,0.66,0.87,0.74,1.53,random
YVKRSKSKRCPQK,0.66,0.88,0.74,1.54,random
AVDHSYSPEAVQR,0.64,0.88,0.72,1.52,random
YVQGSHSQWTGGR,0.64,0.87,0.72,1.51,random
TVNISRSQIGRQK,0.63,0.87,0.71,1.5,random
RVKRSKSGRPPQK,0.63,0.87,0.71,1.5,random
PVRSSTSSCAGGR,0.62,0.87,0.7,1.49,random
RVKRSKSIRGCQK,0.62,0.88,0.71,1.5,random
AVDHSYSMRAGCR,0.61,0.87,0.69,1.48,random
TVRDSRSQIGRQG,0.6,0.87,0.69,1.47,random
TVRHSRSQIGWQK,0.6,0.87,0.68,1.47,random
EVRFSTSQSAGQG,0.6,0.87,0.69,1.47,random
TNRSSRSQIGRQR,0.6,0.88,0.69,1.48,random
DAGHSFSIRGGGR,0.59,0.87,0.67,1.46,random
AVDHSYSEIAGQR,0.59,0.87,0.68,1.46,random
TVRWSRSQIVRQK,0.58,0.88,0.67,1.46,random
TVRSSRSQWLRQK,0.58,0.87,0.67,1.45,random
RVKRSFSCRGPQK,0.56,0.87,0.65,1.4300000000000002,random
TVRSSYSQIGRQK,0.55,0.87,0.65,1.42,mutational
AVDHSYSWRAWQR,0.51,0.87,0.62,1.38,random
DRGPSKSGQGGGR,0.51,0.87,0.62,1.38,random
AVDNSYSPVAGQR,0.5,0.87,0.6,1.37,random
AVDHSYSPSLGQR,0.5,0.87,0.6,1.37,random
DTGPSTSGEGSGR,0.49,0.87,0.59,1.36,random
AKDHSGSPRAGQR,0.48,0.87,0.59,1.35,random
AVDHSWSPRAPQR,0.47,0.87,0.58,1.34,random
AADHSYSPRASQR,0.47,0.87,0.58,1.34,random
APDHSYSPAAGQR,0.46,0.87,0.57,1.33,random
