design,model,mmcif,n_contacts,interface_pLDDT_mean,receptor_chain_id,peptide_chain_id,n_receptor_len,n_peptide_len,iptm,ptm
fold_af3_mik2_scoop10,0,/Users/vishnu/Desktop/v_files/GT/sem1/Research_sem1/scoop_mik2_afm_pipeline/AF3_outputs/fold_af3_mik2_scoop10/fold_af3_mik2_scoop10_model_0.cif,65,85.41658863081360,B,A,685,13,0.85,0.88
fold_af3_mik2_scoop11,2,/Users/vishnu/Desktop/v_files/GT/sem1/Research_sem1/scoop_mik2_afm_pipeline/AF3_outputs/fold_af3_mik2_scoop11/fold_af3_mik2_scoop11_model_2.cif,61,84.94865076703810,B,A,685,13,0.83,0.88
fold_af3_mik2_scoop12,0,/Users/vishnu/Desktop/v_files/GT/sem1/Research_sem1/scoop_mik2_afm_pipeline/AF3_outputs/fold_af3_mik2_scoop12/fold_af3_mik2_scoop12_model_0.cif,56,66.29919851254900,B,A,685,13,0.86,0.88
fold_af3_mik2_scoop17,4,/Users/vishnu/Desktop/v_files/GT/sem1/Research_sem1/scoop_mik2_afm_pipeline/AF3_outputs/fold_af3_mik2_scoop17/fold_af3_mik2_scoop17_model_4.cif,65,88.64146431623930,B,A,685,13,0.89,0.87
fold_af3_mik2_scoop2,0,/Users/vishnu/Desktop/v_files/GT/sem1/Research_sem1/scoop_mik2_afm_pipeline/AF3_outputs/fold_af3_mik2_scoop2/fold_af3_mik2_scoop2_model_0.cif,54,66.54043178811930,B,A,685,13,0.6,0.88
fold_af3_mik2_scoop21,0,/Users/vishnu/Desktop/v_files/GT/sem1/Research_sem1/scoop_mik2_afm_pipeline/AF3_outputs/fold_af3_mik2_scoop21/fold_af3_mik2_scoop21_model_0.cif,64,79.29289227374190,B,A,685,13,0.77,0.87
fold_af3_mik2_scoop22,1,/Users/vishnu/Desktop/v_files/GT/sem1/Research_sem1/scoop_mik2_afm_pipeline/AF3_outputs/fold_af3_mik2_scoop22/fold_af3_mik2_scoop22_model_1.cif,63,87.44839237041620,B,A,685,13,0.86,0.88
fold_af3_mik2_scoop23,0,/Users/vishnu/Desktop/v_files/GT/sem1/Research_sem1/scoop_mik2_afm_pipeline/AF3_outputs/fold_af3_mik2_scoop23/fold_af3_mik2_scoop23_model_0.cif,65,83.5804241841492,B,A,685,13,0.78,0.87
fold_af3_mik2_scoop24,0,/Users/vishnu/Desktop/v_files/GT/sem1/Research_sem1/scoop_mik2_afm_pipeline/AF3_outputs/fold_af3_mik2_scoop24/fold_af3_mik2_scoop24_model_0.cif,59,70.46996639824390,B,A,685,13,0.61,0.88
fold_af3_mik2_scoop27,0,/Users/vishnu/Desktop/v_files/GT/sem1/Research_sem1/scoop_mik2_afm_pipeline/AF3_outputs/fold_af3_mik2_scoop27/fold_af3_mik2_scoop27_model_0.cif,68,76.00397170762240,B,A,685,13,0.67,0.88
fold_af3_mik2_scoop31,2,/Users/vishnu/Desktop/v_files/GT/sem1/Research_sem1/scoop_mik2_afm_pipeline/AF3_outputs/fold_af3_mik2_scoop31/fold_af3_mik2_scoop31_model_2.cif,56,83.73804037827250,B,A,685,13,0.79,0.88
fold_af3_mik2_scoop34,2,/Users/vishnu/Desktop/v_files/GT/sem1/Research_sem1/scoop_mik2_afm_pipeline/AF3_outputs/fold_af3_mik2_scoop34/fold_af3_mik2_scoop34_model_2.cif,69,93.67922619309030,B,A,685,13,0.95,0.88
fold_af3_mik2_scoop41,0,/Users/vishnu/Desktop/v_files/GT/sem1/Research_sem1/scoop_mik2_afm_pipeline/AF3_outputs/fold_af3_mik2_scoop41/fold_af3_mik2_scoop41_model_0.cif,61,79.4909482382372,B,A,685,13,0.75,0.87
fold_af3_mik2_scoop44,1,/Users/vishnu/Desktop/v_files/GT/sem1/Research_sem1/scoop_mik2_afm_pipeline/AF3_outputs/fold_af3_mik2_scoop44/fold_af3_mik2_scoop44_model_1.cif,53,65.77555993220620,B,A,685,13,0.51,0.87
fold_af3_mik2_scoop46,0,/Users/vishnu/Desktop/v_files/GT/sem1/Research_sem1/scoop_mik2_afm_pipeline/AF3_outputs/fold_af3_mik2_scoop46/fold_af3_mik2_scoop46_model_0.cif,59,85.43974395896010,B,A,685,13,0.85,0.88
fold_af3_mik2_scoop47,0,/Users/vishnu/Desktop/v_files/GT/sem1/Research_sem1/scoop_mik2_afm_pipeline/AF3_outputs/fold_af3_mik2_scoop47/fold_af3_mik2_scoop47_model_0.cif,62,85.33891864206580,B,A,685,13,0.82,0.87
fold_af3_mik2_scoop5,1,/Users/vishnu/Desktop/v_files/GT/sem1/Research_sem1/scoop_mik2_afm_pipeline/AF3_outputs/fold_af3_mik2_scoop5/fold_af3_mik2_scoop5_model_1.cif,70,85.64513643836320,B,A,685,13,0.87,0.88
fold_af3_mik2_scoop50,2,/Users/vishnu/Desktop/v_files/GT/sem1/Research_sem1/scoop_mik2_afm_pipeline/AF3_outputs/fold_af3_mik2_scoop50/fold_af3_mik2_scoop50_model_2.cif,67,88.75220084103290,B,A,685,13,0.9,0.88
fold_af3_mik2_scoop7,0,/Users/vishnu/Desktop/v_files/GT/sem1/Research_sem1/scoop_mik2_afm_pipeline/AF3_outputs/fold_af3_mik2_scoop7/fold_af3_mik2_scoop7_model_0.cif,70,83.1619357452072,B,A,685,13,0.84,0.88